-- phpMyAdmin SQL Dump
-- version 5.2.0
-- https://www.phpmyadmin.net/
--
-- Host: 127.0.0.1
-- Generation Time: Mar 05, 2023 at 12:57 PM
-- Server version: 10.4.27-MariaDB
-- PHP Version: 8.1.12

SET SQL_MODE = "NO_AUTO_VALUE_ON_ZERO";
START TRANSACTION;
SET time_zone = "+00:00";


/*!40101 SET @OLD_CHARACTER_SET_CLIENT=@@CHARACTER_SET_CLIENT */;
/*!40101 SET @OLD_CHARACTER_SET_RESULTS=@@CHARACTER_SET_RESULTS */;
/*!40101 SET @OLD_COLLATION_CONNECTION=@@COLLATION_CONNECTION */;
/*!40101 SET NAMES utf8mb4 */;

--
-- Database: `redesign_udacoding`
--

-- --------------------------------------------------------

--
-- Table structure for table `failed_jobs`
--

CREATE TABLE `failed_jobs` (
  `id` bigint(20) UNSIGNED NOT NULL,
  `uuid` varchar(255) NOT NULL,
  `connection` text NOT NULL,
  `queue` text NOT NULL,
  `payload` longtext NOT NULL,
  `exception` longtext NOT NULL,
  `failed_at` timestamp NOT NULL DEFAULT current_timestamp()
) ENGINE=InnoDB DEFAULT CHARSET=utf8mb4 COLLATE=utf8mb4_unicode_ci;

-- --------------------------------------------------------

--
-- Table structure for table `migrations`
--

CREATE TABLE `migrations` (
  `id` int(10) UNSIGNED NOT NULL,
  `migration` varchar(255) NOT NULL,
  `batch` int(11) NOT NULL
) ENGINE=InnoDB DEFAULT CHARSET=utf8mb4 COLLATE=utf8mb4_unicode_ci;

--
-- Dumping data for table `migrations`
--

INSERT INTO `migrations` (`id`, `migration`, `batch`) VALUES
(1, '2014_10_12_000000_create_users_table', 1),
(2, '2014_10_12_100000_create_password_resets_table', 1),
(3, '2019_08_19_000000_create_failed_jobs_table', 1),
(4, '2019_12_14_000001_create_personal_access_tokens_table', 1),
(5, '2023_03_04_082920_create_participants_table', 1),
(6, '2023_03_04_094545_add_rank_column_to_participants_table', 1),
(7, '2023_03_04_130815_create_programs_table', 1),
(8, '2023_03_04_131150_add_program_id_column_to_participants_table', 1);

-- --------------------------------------------------------

--
-- Table structure for table `participants`
--

CREATE TABLE `participants` (
  `id` bigint(20) UNSIGNED NOT NULL,
  `name` varchar(255) NOT NULL,
  `school` varchar(255) NOT NULL,
  `program_id` bigint(20) UNSIGNED DEFAULT NULL,
  `generation` varchar(255) NOT NULL,
  `score` int(11) NOT NULL,
  `rank` int(11) DEFAULT NULL,
  `created_at` timestamp NULL DEFAULT NULL,
  `updated_at` timestamp NULL DEFAULT NULL
) ENGINE=InnoDB DEFAULT CHARSET=utf8mb4 COLLATE=utf8mb4_unicode_ci;

--
-- Dumping data for table `participants`
--

INSERT INTO `participants` (`id`, `name`, `school`, `program_id`, `generation`, `score`, `rank`, `created_at`, `updated_at`) VALUES
(1, 'Dagel Dadi Dongoran S.Kom', 'PJ Winarno Tbk', 3, 'Batch 2', 1231, 266, '2023-03-04 20:43:02', '2023-03-04 23:20:18'),
(2, 'Mahdi Ghani Prasasta', 'Fa Hidayanto Agustina (Persero) Tbk', 2, 'Batch 9', 8442, 45, '2023-03-04 20:43:02', '2023-03-04 23:20:18'),
(3, 'Prasetya Pranowo', 'CV Utami', 1, 'Batch 2', 6009, 119, '2023-03-04 20:43:02', '2023-03-04 23:20:18'),
(4, 'Jefri Manullang', 'Yayasan Rajata Wahyudin (Persero) Tbk', 1, 'Batch 5', 8517, 40, '2023-03-04 20:43:02', '2023-03-04 23:20:18'),
(5, 'Luwar Permadi M.Ak', 'PT Hassanah Anggraini', 2, 'Batch 2', 3903, 180, '2023-03-04 20:43:02', '2023-03-04 23:20:18'),
(6, 'Parman Nasim Waluyo', 'CV Adriansyah', 1, 'Batch 9', 1882, 244, '2023-03-04 20:43:02', '2023-03-04 23:20:18'),
(7, 'Bakiono Pangeran Thamrin M.TI.', 'Perum Saptono Tbk', 3, 'Batch 2', 20, 299, '2023-03-04 20:43:02', '2023-03-04 23:20:18'),
(8, 'Cahyanto Karsana Wahyudin M.Ak', 'CV Prakasa Mandasari Tbk', 5, 'Batch 2', 1335, 259, '2023-03-04 20:43:02', '2023-03-04 23:20:18'),
(9, 'Nasrullah Bambang Habibi S.Ked', 'PT Saefullah Tbk', 5, 'Batch 5', 6049, 117, '2023-03-04 20:43:02', '2023-03-04 23:20:18'),
(10, 'Ridwan Halim Megantara S.E.', 'PD Wibowo Tbk', 4, 'Batch 5', 9070, 29, '2023-03-04 20:43:02', '2023-03-04 23:20:18'),
(11, 'Lukman Dabukke', 'PD Usamah Nasyiah', 3, 'Batch 5', 1261, 265, '2023-03-04 20:43:02', '2023-03-04 23:20:18'),
(12, 'Pardi Uda Hardiansyah', 'Yayasan Nurdiyanti Tbk', 4, 'Batch 2', 338, 287, '2023-03-04 20:43:02', '2023-03-04 23:20:18'),
(13, 'Pia Fujiati', 'CV Andriani', 2, 'Batch 2', 292, 290, '2023-03-04 20:43:02', '2023-03-04 23:20:18'),
(14, 'Sakura Wastuti S.Kom', 'Fa Utami Tbk', 2, 'Batch 9', 1451, 254, '2023-03-04 20:43:02', '2023-03-04 23:20:18'),
(15, 'Dono Mustika Saptono S.IP', 'UD Mayasari (Persero) Tbk', 4, 'Batch 9', 323, 289, '2023-03-04 20:43:02', '2023-03-04 23:20:18'),
(16, 'Aswani Maheswara', 'PJ Setiawan Hastuti', 1, 'Batch 5', 9893, 2, '2023-03-04 20:43:02', '2023-03-04 23:20:14'),
(17, 'Slamet Prasetya', 'Yayasan Prabowo Yolanda', 5, 'Batch 5', 3444, 198, '2023-03-04 20:43:02', '2023-03-04 23:20:18'),
(18, 'Luluh Setiawan', 'Fa Usada Pratiwi', 2, 'Batch 2', 8035, 54, '2023-03-04 20:43:02', '2023-03-04 23:20:18'),
(19, 'Respati Simbolon', 'PD Yolanda Tbk', 4, 'Batch 9', 2608, 219, '2023-03-04 20:43:02', '2023-03-04 23:20:18'),
(20, 'Zelaya Wahyuni', 'PJ Pradipta', 2, 'Batch 5', 1780, 249, '2023-03-04 20:43:02', '2023-03-04 23:20:18'),
(21, 'Elvina Maryati', 'UD Nuraini', 3, 'Batch 5', 1326, 260, '2023-03-04 20:43:02', '2023-03-04 23:20:18'),
(22, 'Kayla Ophelia Andriani', 'PD Hidayat Mustofa (Persero) Tbk', 4, 'Batch 2', 9550, 13, '2023-03-04 20:43:02', '2023-03-04 23:20:18'),
(23, 'Oliva Anggraini S.Gz', 'Perum Suryatmi Tbk', 2, 'Batch 2', 8804, 34, '2023-03-04 20:43:02', '2023-03-04 23:20:18'),
(24, 'Wardaya Mahmud Sinaga', 'Yayasan Siregar Kusmawati', 4, 'Batch 5', 7721, 65, '2023-03-04 20:43:02', '2023-03-04 23:20:18'),
(25, 'Balamantri Adiarja Salahudin M.Kom.', 'Yayasan Haryanti Mahendra', 2, 'Batch 5', 1008, 269, '2023-03-04 20:43:02', '2023-03-04 23:20:18'),
(26, 'Ajeng Unjani Pertiwi', 'PJ Mayasari', 3, 'Batch 9', 6299, 107, '2023-03-04 20:43:02', '2023-03-04 23:20:18'),
(27, 'Banawi Eka Saragih S.Pt', 'PD Anggraini Anggraini (Persero) Tbk', 5, 'Batch 5', 7558, 67, '2023-03-04 20:43:02', '2023-03-04 23:20:18'),
(28, 'Galang Dongoran', 'PT Nugroho Anggraini Tbk', 5, 'Batch 5', 218, 292, '2023-03-04 20:43:02', '2023-03-04 23:20:18'),
(29, 'Okto Ghani Hutapea M.TI.', 'Yayasan Novitasari Farida (Persero) Tbk', 1, 'Batch 5', 4873, 154, '2023-03-04 20:43:02', '2023-03-04 23:20:18'),
(30, 'Baktianto Siregar', 'UD Pudjiastuti Tbk', 4, 'Batch 2', 5736, 129, '2023-03-04 20:43:02', '2023-03-04 23:20:18'),
(31, 'Laksana Hutasoit', 'CV Kusumo Haryanto Tbk', 1, 'Batch 9', 2064, 236, '2023-03-04 20:43:02', '2023-03-04 23:20:18'),
(32, 'Bakiono Muni Wasita', 'Yayasan Hastuti Manullang', 5, 'Batch 9', 6713, 98, '2023-03-04 20:43:02', '2023-03-04 23:20:18'),
(33, 'Adikara Cemplunk Maulana', 'PJ Firgantoro Nasyidah', 4, 'Batch 2', 133, 296, '2023-03-04 20:43:02', '2023-03-04 23:20:18'),
(34, 'Wakiman Sihombing', 'UD Wahyuni', 3, 'Batch 5', 2161, 233, '2023-03-04 20:43:02', '2023-03-04 23:20:18'),
(35, 'Estiawan Januar S.I.Kom', 'PT Mulyani Putra', 5, 'Batch 5', 9282, 21, '2023-03-04 20:43:02', '2023-03-04 23:20:18'),
(36, 'Nadia Pudjiastuti', 'Fa Situmorang Tbk', 4, 'Batch 5', 5446, 143, '2023-03-04 20:43:02', '2023-03-04 23:20:18'),
(37, 'Kartika Dina Novitasari S.E.', 'Perum Wastuti Tbk', 5, 'Batch 5', 334, 288, '2023-03-04 20:43:02', '2023-03-04 23:20:18'),
(38, 'Syahrini Namaga', 'PD Puspasari', 3, 'Batch 2', 7052, 86, '2023-03-04 20:43:02', '2023-03-04 23:20:18'),
(39, 'Najib Raden Saputra', 'Yayasan Yolanda', 2, 'Batch 5', 7917, 60, '2023-03-04 20:43:02', '2023-03-04 23:20:18'),
(40, 'Padma Tantri Purnawati S.T.', 'PJ Winarsih', 5, 'Batch 2', 4526, 161, '2023-03-04 20:43:02', '2023-03-04 23:20:18'),
(41, 'Zamira Hassanah S.H.', 'Yayasan Palastri (Persero) Tbk', 3, 'Batch 2', 7833, 61, '2023-03-04 20:43:02', '2023-03-04 23:20:18'),
(42, 'Maria Lalita Hartati S.Sos', 'PD Yuliarti Tbk', 3, 'Batch 9', 3557, 189, '2023-03-04 20:43:02', '2023-03-04 23:20:18'),
(43, 'Keisha Rahimah', 'CV Fujiati Pertiwi', 5, 'Batch 5', 199, 293, '2023-03-04 20:43:02', '2023-03-04 23:20:18'),
(44, 'Edison Among Maulana', 'PT Riyanti Oktaviani', 3, 'Batch 5', 9856, 7, '2023-03-04 20:43:02', '2023-03-04 23:20:18'),
(45, 'Emas Karsana Mansur S.Psi', 'Fa Utama', 5, 'Batch 9', 6228, 112, '2023-03-04 20:43:02', '2023-03-04 23:20:18'),
(46, 'Banawa Olga Sirait', 'PJ Maulana Tbk', 2, 'Batch 2', 6317, 105, '2023-03-04 20:43:02', '2023-03-04 23:20:18'),
(47, 'Yuni Sakura Oktaviani S.H.', 'Perum Uyainah', 1, 'Batch 2', 3529, 192, '2023-03-04 20:43:02', '2023-03-04 23:20:18'),
(48, 'Aisyah Aryani', 'Yayasan Laksita Lestari Tbk', 4, 'Batch 2', 5529, 138, '2023-03-04 20:43:02', '2023-03-04 23:20:18'),
(49, 'Ella Agustina S.Ked', 'Perum Gunarto (Persero) Tbk', 5, 'Batch 9', 5913, 124, '2023-03-04 20:43:02', '2023-03-04 23:20:18'),
(50, 'Mursinin Marbun', 'UD Andriani (Persero) Tbk', 2, 'Batch 5', 2525, 222, '2023-03-04 20:43:02', '2023-03-04 23:20:18'),
(51, 'Panca Nababan', 'PJ Mangunsong Tbk', 3, 'Batch 2', 5718, 131, '2023-03-04 20:43:02', '2023-03-04 23:20:18'),
(52, 'Restu Yance Zulaika S.Pt', 'Fa Mahendra', 3, 'Batch 9', 4439, 169, '2023-03-04 20:43:02', '2023-03-04 23:20:18'),
(53, 'Cengkal Santoso', 'Yayasan Wibowo Tarihoran', 3, 'Batch 2', 8920, 31, '2023-03-04 20:43:02', '2023-03-04 23:20:18'),
(54, 'Eka Silvia Rahmawati S.Sos', 'Perum Palastri Megantara', 2, 'Batch 9', 4573, 159, '2023-03-04 20:43:02', '2023-03-04 23:20:18'),
(55, 'Gantar Saputra', 'UD Wastuti Mayasari', 4, 'Batch 5', 6415, 102, '2023-03-04 20:43:02', '2023-03-04 23:20:18'),
(56, 'Darmaji Budiyanto S.Pt', 'UD Maryati Sirait (Persero) Tbk', 3, 'Batch 5', 3630, 188, '2023-03-04 20:43:02', '2023-03-04 23:20:18'),
(57, 'Yuliana Hartati', 'Perum Mulyani (Persero) Tbk', 5, 'Batch 2', 2273, 229, '2023-03-04 20:43:02', '2023-03-04 23:20:18'),
(58, 'Jail Hardiansyah', 'PT Wastuti Saputra Tbk', 1, 'Batch 2', 4651, 157, '2023-03-04 20:43:02', '2023-03-04 23:20:18'),
(59, 'Ajimat Prabowo', 'PT Novitasari Hutapea', 2, 'Batch 5', 2634, 218, '2023-03-04 20:43:02', '2023-03-04 23:20:18'),
(60, 'Azalea Kiandra Winarsih', 'UD Purnawati', 3, 'Batch 2', 5044, 151, '2023-03-04 20:43:02', '2023-03-04 23:20:18'),
(61, 'Jail Soleh Siregar', 'CV Maryati Winarsih (Persero) Tbk', 2, 'Batch 5', 5260, 148, '2023-03-04 20:43:02', '2023-03-04 23:20:18'),
(62, 'Dinda Kuswandari', 'Yayasan Hariyah', 5, 'Batch 2', 3275, 200, '2023-03-04 20:43:02', '2023-03-04 23:20:18'),
(63, 'Edi Waskita S.Psi', 'Perum Utama Simbolon (Persero) Tbk', 5, 'Batch 2', 4656, 156, '2023-03-04 20:43:02', '2023-03-04 23:20:18'),
(64, 'Langgeng Mahendra', 'Fa Manullang Tbk', 3, 'Batch 9', 9892, 4, '2023-03-04 20:43:02', '2023-03-04 23:20:18'),
(65, 'Emong Megantara', 'Yayasan Jailani', 5, 'Batch 5', 9090, 27, '2023-03-04 20:43:02', '2023-03-04 23:20:18'),
(66, 'Niyaga Hadi Iswahyudi', 'Yayasan Najmudin (Persero) Tbk', 4, 'Batch 9', 935, 273, '2023-03-04 20:43:02', '2023-03-04 23:20:18'),
(67, 'Salwa Dewi Yulianti S.Kom', 'PT Dongoran Sihombing Tbk', 2, 'Batch 5', 8541, 39, '2023-03-04 20:43:02', '2023-03-04 23:20:18'),
(68, 'Bancar Wibowo', 'CV Thamrin Budiyanto', 1, 'Batch 9', 7013, 88, '2023-03-04 20:43:02', '2023-03-04 23:20:18'),
(69, 'Darman Sitompul', 'Yayasan Susanti', 2, 'Batch 5', 1764, 250, '2023-03-04 20:43:02', '2023-03-04 23:20:18'),
(70, 'Ira Andriani S.I.Kom', 'PD Narpati (Persero) Tbk', 3, 'Batch 5', 2209, 232, '2023-03-04 20:43:02', '2023-03-04 23:20:18'),
(71, 'Keisha Astuti S.Ked', 'Fa Nuraini Haryanti (Persero) Tbk', 5, 'Batch 5', 7270, 78, '2023-03-04 20:43:02', '2023-03-04 23:20:18'),
(72, 'Yono Jumadi Pangestu S.I.Kom', 'Perum Putra', 3, 'Batch 5', 6308, 106, '2023-03-04 20:43:02', '2023-03-04 23:20:18'),
(73, 'Julia Yolanda M.Kom.', 'Perum Yulianti Samosir', 4, 'Batch 5', 3746, 184, '2023-03-04 20:43:02', '2023-03-04 23:20:18'),
(74, 'Enteng Megantara', 'PD Prabowo Prasasta', 3, 'Batch 5', 531, 285, '2023-03-04 20:43:02', '2023-03-04 23:20:18'),
(75, 'Perkasa Prakasa', 'Fa Farida Usada', 3, 'Batch 2', 670, 281, '2023-03-04 20:43:02', '2023-03-04 23:20:18'),
(76, 'Mala Mandasari', 'PD Permadi Halimah (Persero) Tbk', 1, 'Batch 9', 9893, 3, '2023-03-04 20:43:02', '2023-03-04 23:20:18'),
(77, 'Vero Pratama', 'PJ Winarsih Saefullah Tbk', 5, 'Batch 2', 4512, 162, '2023-03-04 20:43:02', '2023-03-04 23:20:18'),
(78, 'Sadina Mandasari', 'UD Dongoran Sihotang Tbk', 5, 'Batch 9', 9320, 20, '2023-03-04 20:43:02', '2023-03-04 23:20:18'),
(79, 'Asirwada Thamrin', 'CV Tamba Mahendra Tbk', 5, 'Batch 2', 4512, 163, '2023-03-04 20:43:02', '2023-03-04 23:20:18'),
(80, 'Shania Kamila Hassanah S.E.I', 'Perum Laksmiwati Gunarto', 1, 'Batch 5', 110, 297, '2023-03-04 20:43:02', '2023-03-04 23:20:18'),
(81, 'Asirwada Saragih', 'PT Melani Wahyuni (Persero) Tbk', 3, 'Batch 2', 7202, 80, '2023-03-04 20:43:02', '2023-03-04 23:20:18'),
(82, 'Shakila Haryanti', 'Fa Suryono Sudiati', 2, 'Batch 2', 855, 275, '2023-03-04 20:43:02', '2023-03-04 23:20:18'),
(83, 'Endra Asmianto Thamrin M.M.', 'PD Pradana Wahyuni Tbk', 5, 'Batch 9', 2536, 221, '2023-03-04 20:43:02', '2023-03-04 23:20:18'),
(84, 'Yunita Malika Nurdiyanti', 'Fa Winarno Santoso (Persero) Tbk', 5, 'Batch 9', 8875, 32, '2023-03-04 20:43:02', '2023-03-04 23:20:18'),
(85, 'Kajen Irawan S.Pt', 'PD Simbolon', 4, 'Batch 5', 9460, 15, '2023-03-04 20:43:02', '2023-03-04 23:20:18'),
(86, 'Sadina Wahyuni', 'CV Prasetyo (Persero) Tbk', 1, 'Batch 2', 3086, 204, '2023-03-04 20:43:02', '2023-03-04 23:20:18'),
(87, 'Martani Johan Pradana S.Ked', 'PJ Mandasari (Persero) Tbk', 3, 'Batch 2', 4025, 176, '2023-03-04 20:43:02', '2023-03-04 23:20:18'),
(88, 'Bakiman Saragih', 'Fa Andriani Pradana', 3, 'Batch 2', 3655, 187, '2023-03-04 20:43:02', '2023-03-04 23:20:18'),
(89, 'Galur Prabowo', 'PJ Santoso Lazuardi Tbk', 3, 'Batch 9', 6143, 116, '2023-03-04 20:43:03', '2023-03-04 23:20:18'),
(90, 'Ratna Uli Yolanda M.Ak', 'CV Winarno Firmansyah', 4, 'Batch 2', 6002, 120, '2023-03-04 20:43:03', '2023-03-04 23:20:18'),
(91, 'Amalia Rahimah', 'PJ Kuswandari Pratiwi', 5, 'Batch 2', 7098, 84, '2023-03-04 20:43:03', '2023-03-04 23:20:18'),
(92, 'Luluh Mahendra S.E.I', 'UD Firgantoro Suartini', 1, 'Batch 2', 4359, 170, '2023-03-04 20:43:03', '2023-03-04 23:20:18'),
(93, 'Bakijan Rajata', 'Fa Nugroho Suwarno', 3, 'Batch 5', 2222, 230, '2023-03-04 20:43:03', '2023-03-04 23:20:18'),
(94, 'Mujur Hutasoit', 'Yayasan Mansur (Persero) Tbk', 3, 'Batch 9', 9030, 30, '2023-03-04 20:43:03', '2023-03-04 23:20:18'),
(95, 'Ratih Nasyiah', 'Fa Padmasari', 4, 'Batch 5', 6937, 91, '2023-03-04 20:43:03', '2023-03-04 23:20:18'),
(96, 'Queen Widiastuti S.Pt', 'Fa Pertiwi Mandasari Tbk', 1, 'Batch 2', 8242, 50, '2023-03-04 20:43:03', '2023-03-04 23:20:18'),
(97, 'Bakiman Gatra Sitorus', 'PD Pratama (Persero) Tbk', 1, 'Batch 2', 9277, 22, '2023-03-04 20:43:03', '2023-03-04 23:20:18'),
(98, 'Jamalia Hartati', 'Fa Zulkarnain (Persero) Tbk', 3, 'Batch 9', 1538, 253, '2023-03-04 20:43:03', '2023-03-04 23:20:18'),
(99, 'Cinta Paris Sudiati S.Psi', 'Perum Kusmawati Ardianto Tbk', 1, 'Batch 9', 4632, 158, '2023-03-04 20:43:03', '2023-03-04 23:20:18'),
(100, 'Zamira Putri Anggraini', 'CV Iswahyudi Tbk', 1, 'Batch 9', 2635, 217, '2023-03-04 20:43:03', '2023-03-04 23:20:18'),
(101, 'Padmi Utami', 'Fa Mandasari Adriansyah', 5, 'Batch 9', 5632, 135, '2023-03-04 20:43:03', '2023-03-04 23:20:18'),
(102, 'Keisha Rahayu', 'Yayasan Haryanti Sihombing Tbk', 1, 'Batch 5', 7150, 81, '2023-03-04 20:43:03', '2023-03-04 23:20:18'),
(103, 'Cayadi Saefullah', 'PJ Susanti (Persero) Tbk', 4, 'Batch 2', 3410, 199, '2023-03-04 20:43:03', '2023-03-04 23:20:18'),
(104, 'Hamima Susanti M.Kom.', 'Fa Palastri Kusmawati Tbk', 1, 'Batch 9', 5854, 126, '2023-03-04 20:43:03', '2023-03-04 23:20:18'),
(105, 'Najam Widodo', 'Fa Laksita (Persero) Tbk', 4, 'Batch 9', 8724, 36, '2023-03-04 20:43:03', '2023-03-04 23:20:18'),
(106, 'Padmi Raisa Mulyani M.Ak', 'Yayasan Namaga', 5, 'Batch 2', 8455, 44, '2023-03-04 20:43:03', '2023-03-04 23:20:18'),
(107, 'Jati Sihombing M.Kom.', 'CV Sihombing Dongoran (Persero) Tbk', 3, 'Batch 9', 34, 298, '2023-03-04 20:43:03', '2023-03-04 23:20:18'),
(108, 'Artawan Hardana Manullang M.TI.', 'Yayasan Sihombing (Persero) Tbk', 1, 'Batch 5', 5474, 140, '2023-03-04 20:43:03', '2023-03-04 23:20:18'),
(109, 'Michelle Tantri Winarsih', 'CV Anggriawan (Persero) Tbk', 5, 'Batch 5', 2304, 228, '2023-03-04 20:43:03', '2023-03-04 23:20:18'),
(110, 'Leo Utama', 'PT Suryatmi Pangestu', 2, 'Batch 2', 6730, 97, '2023-03-04 20:43:03', '2023-03-04 23:20:18'),
(111, 'Satya Purwanto Hakim', 'Yayasan Mulyani Puspasari', 5, 'Batch 5', 4564, 160, '2023-03-04 20:43:03', '2023-03-04 23:20:18'),
(112, 'Maman Anggriawan', 'Perum Kurniawan Suartini', 2, 'Batch 5', 2581, 220, '2023-03-04 20:43:03', '2023-03-04 23:20:18'),
(113, 'Citra Pratiwi', 'PT Najmudin', 5, 'Batch 9', 4358, 171, '2023-03-04 20:43:03', '2023-03-04 23:20:18'),
(114, 'Shania Sudiati', 'PJ Suryatmi Widiastuti', 2, 'Batch 9', 1965, 240, '2023-03-04 20:43:03', '2023-03-04 23:20:18'),
(115, 'Indah Kasiyah Uyainah S.IP', 'PT Fujiati', 3, 'Batch 9', 9895, 1, '2023-03-04 20:43:03', '2023-03-04 23:20:18'),
(116, 'Aisyah Yuniar M.M.', 'PD Nainggolan (Persero) Tbk', 2, 'Batch 9', 8366, 49, '2023-03-04 20:43:03', '2023-03-04 23:20:18'),
(117, 'Caturangga Taswir Natsir S.Pd', 'CV Napitupulu Suryatmi', 2, 'Batch 5', 8772, 35, '2023-03-04 20:43:03', '2023-03-04 23:20:18'),
(118, 'Baktiadi Caket Sitompul', 'UD Hastuti Ardianto', 3, 'Batch 9', 1162, 267, '2023-03-04 20:43:03', '2023-03-04 23:20:18'),
(119, 'Alambana Maryadi S.Farm', 'CV Simanjuntak (Persero) Tbk', 5, 'Batch 9', 7536, 68, '2023-03-04 20:43:03', '2023-03-04 23:20:18'),
(120, 'Zahra Zulaika', 'PD Waluyo (Persero) Tbk', 2, 'Batch 5', 6220, 113, '2023-03-04 20:43:03', '2023-03-04 23:20:18'),
(121, 'Zulfa Uyainah', 'CV Suwarno Astuti (Persero) Tbk', 1, 'Batch 5', 3691, 186, '2023-03-04 20:43:03', '2023-03-04 23:20:18'),
(122, 'Elon Firgantoro', 'Perum Mayasari Yulianti', 1, 'Batch 9', 7053, 85, '2023-03-04 20:43:03', '2023-03-04 23:20:18'),
(123, 'Mulyanto Putra M.TI.', 'PT Thamrin Tbk', 2, 'Batch 9', 7819, 63, '2023-03-04 20:43:03', '2023-03-04 23:20:18'),
(124, 'Putri Puspasari', 'Fa Simbolon Anggraini Tbk', 2, 'Batch 5', 1292, 262, '2023-03-04 20:43:03', '2023-03-04 23:20:18'),
(125, 'Kani Hariyah', 'CV Puspasari Napitupulu Tbk', 5, 'Batch 2', 5058, 150, '2023-03-04 20:43:03', '2023-03-04 23:20:18'),
(126, 'Abyasa Panji Januar', 'PD Prastuti Purwanti', 3, 'Batch 5', 3043, 205, '2023-03-04 20:43:03', '2023-03-04 23:20:18'),
(127, 'Rachel Hassanah', 'PT Widodo', 4, 'Batch 2', 9199, 23, '2023-03-04 20:43:03', '2023-03-04 23:20:18'),
(128, 'Gaduh Hidayat S.Ked', 'PT Hassanah Rahimah', 3, 'Batch 5', 6238, 111, '2023-03-04 20:43:03', '2023-03-04 23:20:18'),
(129, 'Bahuraksa Suwarno S.Gz', 'Fa Gunawan Hidayat (Persero) Tbk', 1, 'Batch 9', 4999, 152, '2023-03-04 20:43:03', '2023-03-04 23:20:18'),
(130, 'Elisa Yuniar', 'Yayasan Natsir', 1, 'Batch 2', 1382, 256, '2023-03-04 20:43:03', '2023-03-04 23:20:18'),
(131, 'Budi Kadir Firmansyah', 'CV Gunarto Puspita', 3, 'Batch 2', 134, 295, '2023-03-04 20:43:03', '2023-03-04 23:20:18'),
(132, 'Jaswadi Firgantoro', 'CV Fujiati Suwarno', 3, 'Batch 5', 7380, 74, '2023-03-04 20:43:03', '2023-03-04 23:20:18'),
(133, 'Unggul Utama S.Pd', 'UD Saputra Saefullah Tbk', 1, 'Batch 2', 2125, 234, '2023-03-04 20:43:03', '2023-03-04 23:20:18'),
(134, 'Chelsea Lestari', 'PD Nainggolan', 4, 'Batch 5', 7974, 58, '2023-03-04 20:43:03', '2023-03-04 23:20:18'),
(135, 'Kala Rajata', 'Fa Dongoran Pradipta Tbk', 2, 'Batch 9', 2881, 211, '2023-03-04 20:43:03', '2023-03-04 23:20:18'),
(136, 'Juli Sudiati M.M.', 'PT Tarihoran Tbk', 5, 'Batch 9', 5781, 127, '2023-03-04 20:43:03', '2023-03-04 23:20:18'),
(137, 'Genta Yulia Riyanti S.E.I', 'PJ Rahimah Pratama (Persero) Tbk', 4, 'Batch 2', 2890, 210, '2023-03-04 20:43:03', '2023-03-04 23:20:18'),
(138, 'Ira Zalindra Fujiati S.Pt', 'Perum Maheswara (Persero) Tbk', 4, 'Batch 5', 12, 300, '2023-03-04 20:43:03', '2023-03-04 23:20:18'),
(139, 'Syahrini Utami', 'Fa Zulaika Napitupulu', 4, 'Batch 5', 4448, 168, '2023-03-04 20:43:03', '2023-03-04 23:20:18'),
(140, 'Kamal Hairyanto Damanik M.Ak', 'PD Prastuti', 3, 'Batch 5', 3184, 201, '2023-03-04 20:43:03', '2023-03-04 23:20:18'),
(141, 'Kenzie Saefullah', 'PJ Simanjuntak (Persero) Tbk', 3, 'Batch 9', 9552, 12, '2023-03-04 20:43:03', '2023-03-04 23:20:18'),
(142, 'Jati Siregar', 'Yayasan Suwarno', 2, 'Batch 2', 3711, 185, '2023-03-04 20:43:03', '2023-03-04 23:20:18'),
(143, 'Gadang Caraka Suwarno', 'Fa Safitri', 3, 'Batch 2', 3557, 190, '2023-03-04 20:43:03', '2023-03-04 23:20:18'),
(144, 'Vivi Haryanti S.E.', 'PJ Kurniawan Tbk', 5, 'Batch 5', 9869, 5, '2023-03-04 20:43:03', '2023-03-04 23:20:18'),
(145, 'Novi Anggraini', 'PJ Yulianti Tbk', 3, 'Batch 2', 713, 279, '2023-03-04 20:43:03', '2023-03-04 23:20:18'),
(146, 'Prayoga Cakrabuana Napitupulu', 'Perum Putra', 4, 'Batch 2', 2508, 225, '2023-03-04 20:43:03', '2023-03-04 23:20:18'),
(147, 'Bella Hafshah Pratiwi M.Ak', 'Perum Anggraini (Persero) Tbk', 2, 'Batch 2', 8013, 57, '2023-03-04 20:43:03', '2023-03-04 23:20:18'),
(148, 'Hesti Kiandra Mulyani', 'PJ Kurniawan', 2, 'Batch 9', 5419, 144, '2023-03-04 20:43:03', '2023-03-04 23:20:18'),
(149, 'Martana Hidayanto', 'Perum Kuswandari (Persero) Tbk', 1, 'Batch 2', 5922, 123, '2023-03-04 20:43:03', '2023-03-04 23:20:18'),
(150, 'Victoria Wijayanti', 'Fa Mandasari', 4, 'Batch 2', 3523, 194, '2023-03-04 20:43:03', '2023-03-04 23:20:18'),
(151, 'Laras Purwanti', 'PD Namaga Sitorus (Persero) Tbk', 4, 'Batch 9', 7110, 83, '2023-03-04 20:43:03', '2023-03-04 23:20:18'),
(152, 'Silvia Riyanti', 'Fa Mulyani (Persero) Tbk', 2, 'Batch 2', 7456, 73, '2023-03-04 20:43:03', '2023-03-04 23:20:18'),
(153, 'Restu Halimah S.Ked', 'PD Nuraini Ramadan', 2, 'Batch 2', 358, 286, '2023-03-04 20:43:03', '2023-03-04 23:20:18'),
(154, 'Bakiadi Mumpuni Prakasa', 'Fa Mandala Wacana', 3, 'Batch 5', 7473, 71, '2023-03-04 20:43:03', '2023-03-04 23:20:18'),
(155, 'Harjasa Sitorus M.Ak', 'Perum Sitompul', 3, 'Batch 2', 9865, 6, '2023-03-04 20:43:03', '2023-03-04 23:20:18'),
(156, 'Padmi Eva Pratiwi M.M.', 'CV Pudjiastuti Nasyidah Tbk', 4, 'Batch 5', 6805, 94, '2023-03-04 20:43:03', '2023-03-04 23:20:18'),
(157, 'Suci Mardhiyah', 'Fa Andriani Pangestu (Persero) Tbk', 1, 'Batch 5', 6166, 115, '2023-03-04 20:43:03', '2023-03-04 23:20:18'),
(158, 'Anita Ayu Wulandari M.Pd', 'PT Halim', 1, 'Batch 2', 3099, 203, '2023-03-04 20:43:03', '2023-03-04 23:20:18'),
(159, 'Harja Pranowo', 'PD Melani Fujiati Tbk', 1, 'Batch 2', 5900, 125, '2023-03-04 20:43:03', '2023-03-04 23:20:18'),
(160, 'Galak Ghani Prakasa', 'PJ Usamah Maheswara', 2, 'Batch 9', 3501, 195, '2023-03-04 20:43:03', '2023-03-04 23:20:18'),
(161, 'Alika Iriana Kusmawati', 'Perum Utami Wahyuni (Persero) Tbk', 5, 'Batch 5', 595, 283, '2023-03-04 20:43:03', '2023-03-04 23:20:18'),
(162, 'Puput Hastuti', 'UD Kuswoyo Prayoga', 5, 'Batch 2', 9421, 17, '2023-03-04 20:43:03', '2023-03-04 23:20:18'),
(163, 'Febi Iriana Puspita', 'Perum Laksmiwati Setiawan (Persero) Tbk', 4, 'Batch 2', 6280, 110, '2023-03-04 20:43:03', '2023-03-04 23:20:18'),
(164, 'Candra Gangsar Najmudin', 'Yayasan Aryani Prayoga', 4, 'Batch 5', 2699, 215, '2023-03-04 20:43:03', '2023-03-04 23:20:18'),
(165, 'Perkasa Harsaya Gunarto S.H.', 'Yayasan Handayani', 3, 'Batch 2', 7031, 87, '2023-03-04 20:43:03', '2023-03-04 23:20:18'),
(166, 'Unjani Hassanah S.Gz', 'UD Yuliarti', 1, 'Batch 9', 9413, 18, '2023-03-04 20:43:03', '2023-03-04 23:20:18'),
(167, 'Ridwan Jagapati Wibowo', 'UD Rahimah Tbk', 4, 'Batch 5', 3481, 196, '2023-03-04 20:43:03', '2023-03-04 23:20:18'),
(168, 'Ana Nabila Purnawati', 'Yayasan Pradipta Ramadan (Persero) Tbk', 5, 'Batch 2', 9730, 8, '2023-03-04 20:43:03', '2023-03-04 23:20:18'),
(169, 'Gaman Kayun Mangunsong', 'PD Mandasari Nainggolan', 4, 'Batch 5', 4491, 165, '2023-03-04 20:43:03', '2023-03-04 23:20:18'),
(170, 'Gandi Siregar S.Sos', 'PT Pertiwi Hastuti', 3, 'Batch 9', 9717, 9, '2023-03-04 20:43:03', '2023-03-04 23:20:18'),
(171, 'Salsabila Safitri', 'PJ Rahayu Nashiruddin Tbk', 3, 'Batch 9', 4260, 172, '2023-03-04 20:43:03', '2023-03-04 23:20:18'),
(172, 'Gaduh Hutapea S.Pd', 'Perum Ramadan', 4, 'Batch 9', 8034, 55, '2023-03-04 20:43:03', '2023-03-04 23:20:18'),
(173, 'Diah Laksita', 'UD Kuswandari Tbk', 3, 'Batch 9', 1789, 248, '2023-03-04 20:43:03', '2023-03-04 23:20:18'),
(174, 'Candrakanta Emong Marpaung', 'Perum Halim Pradipta', 5, 'Batch 9', 5946, 122, '2023-03-04 20:43:03', '2023-03-04 23:20:18'),
(175, 'Kayla Cornelia Maryati S.I.Kom', 'Perum Latupono', 4, 'Batch 9', 7007, 89, '2023-03-04 20:43:03', '2023-03-04 23:20:18'),
(176, 'Fathonah Agustina M.TI.', 'Perum Hutagalung Oktaviani (Persero) Tbk', 1, 'Batch 2', 3116, 202, '2023-03-04 20:43:03', '2023-03-04 23:20:18'),
(177, 'Bakianto Saputra', 'CV Samosir', 4, 'Batch 2', 6376, 104, '2023-03-04 20:43:03', '2023-03-04 23:20:18'),
(178, 'Cinthia Novitasari', 'Yayasan Melani', 4, 'Batch 5', 2491, 226, '2023-03-04 20:43:03', '2023-03-04 23:20:18'),
(179, 'Zulfa Yulianti M.Ak', 'CV Hastuti Tbk', 4, 'Batch 5', 5290, 147, '2023-03-04 20:43:03', '2023-03-04 23:20:18'),
(180, 'Hasan Wibowo', 'PJ Astuti', 3, 'Batch 2', 2222, 231, '2023-03-04 20:43:03', '2023-03-04 23:20:18'),
(181, 'Puji Paris Uyainah', 'Fa Susanti (Persero) Tbk', 1, 'Batch 9', 9083, 28, '2023-03-04 20:43:03', '2023-03-04 23:20:18'),
(182, 'Victoria Rina Andriani', 'PT Waskita', 3, 'Batch 5', 6561, 100, '2023-03-04 20:43:03', '2023-03-04 23:20:18'),
(183, 'Paulin Utami', 'UD Damanik Oktaviani', 5, 'Batch 9', 5411, 145, '2023-03-04 20:43:03', '2023-03-04 23:20:18'),
(184, 'Hana Anastasia Yolanda', 'PD Waluyo', 2, 'Batch 5', 8462, 42, '2023-03-04 20:43:03', '2023-03-04 23:20:18'),
(185, 'Manah Jamil Hidayat S.E.I', 'Perum Hardiansyah Maheswara (Persero) Tbk', 3, 'Batch 2', 6186, 114, '2023-03-04 20:43:03', '2023-03-04 23:20:18'),
(186, 'Aisyah Nasyidah', 'Fa Prasetyo Natsir (Persero) Tbk', 5, 'Batch 2', 4452, 166, '2023-03-04 20:43:03', '2023-03-04 23:20:18'),
(187, 'Putri Nasyiah', 'PT Maulana (Persero) Tbk', 2, 'Batch 5', 1266, 264, '2023-03-04 20:43:03', '2023-03-04 23:20:18'),
(188, 'Rafi Harto Maryadi S.Pt', 'Perum Saefullah Hartati (Persero) Tbk', 1, 'Batch 2', 9161, 25, '2023-03-04 20:43:03', '2023-03-04 23:20:18'),
(189, 'Faizah Hassanah S.Gz', 'PD Napitupulu Mandasari', 1, 'Batch 5', 3841, 182, '2023-03-04 20:43:03', '2023-03-04 23:20:18'),
(190, 'Asman Wibisono', 'PT Rahmawati Padmasari', 1, 'Batch 9', 8195, 52, '2023-03-04 20:43:03', '2023-03-04 23:20:18'),
(191, 'Yessi Maimunah Hariyah', 'UD Hutagalung (Persero) Tbk', 2, 'Batch 2', 8576, 38, '2023-03-04 20:43:03', '2023-03-04 23:20:18'),
(192, 'Banara Dodo Prabowo S.Ked', 'PD Hasanah', 2, 'Batch 5', 7827, 62, '2023-03-04 20:43:03', '2023-03-04 23:20:18'),
(193, 'Jabal Santoso', 'Fa Mandasari', 3, 'Batch 5', 8405, 48, '2023-03-04 20:43:03', '2023-03-04 23:20:18'),
(194, 'Samiah Maryati', 'PD Safitri Utama', 3, 'Batch 2', 7520, 70, '2023-03-04 20:43:03', '2023-03-04 23:20:18'),
(195, 'Kajen Suwarno', 'CV Hassanah', 1, 'Batch 2', 1356, 258, '2023-03-04 20:43:03', '2023-03-04 23:20:18'),
(196, 'Danu Ibrani Budiman S.E.I', 'CV Ardianto Nainggolan (Persero) Tbk', 2, 'Batch 2', 1691, 252, '2023-03-04 20:43:03', '2023-03-04 23:20:18'),
(197, 'Gantar Saputra', 'PT Ramadan Simanjuntak Tbk', 1, 'Batch 5', 8852, 33, '2023-03-04 20:43:03', '2023-03-04 23:20:18'),
(198, 'Sabri Nainggolan', 'UD Sudiati Narpati', 5, 'Batch 5', 9441, 16, '2023-03-04 20:43:03', '2023-03-04 23:20:18'),
(199, 'Nurul Amalia Maryati M.Farm', 'UD Mustofa Marpaung', 5, 'Batch 2', 3958, 178, '2023-03-04 20:43:03', '2023-03-04 23:20:18'),
(200, 'Virman Dongoran S.Pt', 'Fa Marbun Tbk', 3, 'Batch 5', 2959, 209, '2023-03-04 20:43:03', '2023-03-04 23:20:18'),
(201, 'Xanana Adriansyah S.Pd', 'CV Susanti Hutapea Tbk', 1, 'Batch 9', 7373, 75, '2023-03-04 20:43:03', '2023-03-04 23:20:18'),
(202, 'Maras Haryanto', 'Yayasan Megantara (Persero) Tbk', 1, 'Batch 9', 747, 276, '2023-03-04 20:43:03', '2023-03-04 23:20:18'),
(203, 'Balapati Tedi Nainggolan', 'PD Haryanti Prasetyo (Persero) Tbk', 3, 'Batch 5', 7760, 64, '2023-03-04 20:43:03', '2023-03-04 23:20:18'),
(204, 'Kenari Thamrin M.Kom.', 'PJ Nuraini Sudiati', 5, 'Batch 2', 5595, 137, '2023-03-04 20:43:03', '2023-03-04 23:20:18'),
(205, 'Kurnia Simanjuntak', 'PJ Prasetyo', 1, 'Batch 5', 5448, 142, '2023-03-04 20:43:03', '2023-03-04 23:20:18'),
(206, 'Puput Septi Yuniar S.E.', 'PT Prasetyo Uyainah', 1, 'Batch 5', 2520, 223, '2023-03-04 20:43:03', '2023-03-04 23:20:18'),
(207, 'Rudi Simbolon M.Kom.', 'PT Melani Tbk', 2, 'Batch 2', 9567, 11, '2023-03-04 20:43:03', '2023-03-04 23:20:18'),
(208, 'Patricia Aisyah Lestari S.Gz', 'PJ Melani Puspita', 4, 'Batch 9', 950, 272, '2023-03-04 20:43:03', '2023-03-04 23:20:18'),
(209, 'Elon Kuswoyo', 'Yayasan Halim Tbk', 1, 'Batch 2', 6016, 118, '2023-03-04 20:43:03', '2023-03-04 23:20:18'),
(210, 'Najam Saputra', 'Fa Laksita', 3, 'Batch 9', 1890, 243, '2023-03-04 20:43:03', '2023-03-04 23:20:18'),
(211, 'Betania Hariyah', 'PT Zulaika Tbk', 5, 'Batch 9', 2747, 213, '2023-03-04 20:43:03', '2023-03-04 23:20:18'),
(212, 'Sabri Simanjuntak', 'PD Yuliarti Prayoga Tbk', 1, 'Batch 9', 8424, 47, '2023-03-04 20:43:03', '2023-03-04 23:20:18'),
(213, 'Vicky Palastri', 'PD Tamba Winarsih', 3, 'Batch 9', 281, 291, '2023-03-04 20:43:03', '2023-03-04 23:20:18'),
(214, 'Rini Purwanti', 'PT Pudjiastuti Wahyuni (Persero) Tbk', 4, 'Batch 9', 5731, 130, '2023-03-04 20:43:03', '2023-03-04 23:20:18'),
(215, 'Rachel Pratiwi', 'PT Prasetyo', 2, 'Batch 2', 6811, 93, '2023-03-04 20:43:03', '2023-03-04 23:20:18'),
(216, 'Faizah Riyanti S.T.', 'Perum Simbolon Wulandari', 2, 'Batch 5', 8037, 53, '2023-03-04 20:43:03', '2023-03-04 23:20:18'),
(217, 'Rafid Pradipta S.Sos', 'UD Nashiruddin', 1, 'Batch 2', 559, 284, '2023-03-04 20:43:03', '2023-03-04 23:20:18'),
(218, 'Lidya Astuti S.Psi', 'UD Purnawati Tbk', 4, 'Batch 5', 8020, 56, '2023-03-04 20:43:03', '2023-03-04 23:20:18'),
(219, 'Siti Sudiati S.T.', 'CV Damanik Suwarno', 5, 'Batch 5', 4179, 173, '2023-03-04 20:43:03', '2023-03-04 23:20:18'),
(220, 'Cakrabuana Rajasa M.Kom.', 'PT Wijaya (Persero) Tbk', 2, 'Batch 5', 6772, 95, '2023-03-04 20:43:03', '2023-03-04 23:20:18'),
(221, 'Citra Julia Andriani M.Ak', 'PD Thamrin (Persero) Tbk', 1, 'Batch 5', 6860, 92, '2023-03-04 20:43:03', '2023-03-04 23:20:18'),
(222, 'Baktiadi Hidayanto', 'CV Gunarto Hutagalung (Persero) Tbk', 4, 'Batch 9', 2641, 216, '2023-03-04 20:43:03', '2023-03-04 23:20:18'),
(223, 'Marsito Slamet Sihotang', 'UD Gunarto Wibisono', 1, 'Batch 9', 1268, 263, '2023-03-04 20:43:03', '2023-03-04 23:20:18'),
(224, 'Heru Wasita', 'PD Purwanti', 3, 'Batch 5', 4892, 153, '2023-03-04 20:43:03', '2023-03-04 23:20:18'),
(225, 'Carla Laksmiwati', 'UD Santoso', 2, 'Batch 5', 9137, 26, '2023-03-04 20:43:03', '2023-03-04 23:20:18'),
(226, 'Baktiadi Nugroho', 'Yayasan Saptono Halim (Persero) Tbk', 4, 'Batch 5', 140, 294, '2023-03-04 20:43:03', '2023-03-04 23:20:18'),
(227, 'Wawan Sinaga', 'UD Padmasari Pertiwi', 3, 'Batch 2', 3528, 193, '2023-03-04 20:43:03', '2023-03-04 23:20:18'),
(228, 'Wakiman Thamrin', 'PD Lazuardi Kurniawan', 5, 'Batch 2', 7657, 66, '2023-03-04 20:43:03', '2023-03-04 23:20:18'),
(229, 'Edward Rosman Widodo S.T.', 'CV Wijayanti', 4, 'Batch 9', 5741, 128, '2023-03-04 20:43:03', '2023-03-04 23:20:18'),
(230, 'Mursinin Banara Ardianto S.IP', 'Fa Oktaviani Suryono', 1, 'Batch 9', 1982, 239, '2023-03-04 20:43:03', '2023-03-04 23:20:18'),
(231, 'Cinthia Genta Purnawati', 'Yayasan Firmansyah Palastri (Persero) Tbk', 5, 'Batch 5', 7214, 79, '2023-03-04 20:43:03', '2023-03-04 23:20:18'),
(232, 'Ira Kuswandari', 'PD Andriani', 2, 'Batch 9', 2004, 238, '2023-03-04 20:43:03', '2023-03-04 23:20:18'),
(233, 'Hasan Anom Sihotang', 'PD Waskita Wijaya Tbk', 4, 'Batch 5', 1695, 251, '2023-03-04 20:43:03', '2023-03-04 23:20:18'),
(234, 'Gilda Hariyah S.Psi', 'PJ Uwais', 4, 'Batch 9', 6409, 103, '2023-03-04 20:43:03', '2023-03-04 23:20:18'),
(235, 'Farah Kuswandari', 'Yayasan Fujiati', 1, 'Batch 5', 966, 270, '2023-03-04 20:43:03', '2023-03-04 23:20:18'),
(236, 'Martaka Bakti Jailani', 'Perum Widiastuti (Persero) Tbk', 3, 'Batch 2', 1844, 245, '2023-03-04 20:43:03', '2023-03-04 23:20:18'),
(237, 'Nrima Gunarto', 'UD Permadi Suryatmi', 5, 'Batch 5', 7328, 77, '2023-03-04 20:43:03', '2023-03-04 23:20:18'),
(238, 'Balijan Simbolon', 'CV Pudjiastuti Tbk', 5, 'Batch 2', 2714, 214, '2023-03-04 20:43:03', '2023-03-04 23:20:18'),
(239, 'Raihan Permadi M.Kom.', 'PT Mansur (Persero) Tbk', 3, 'Batch 9', 7472, 72, '2023-03-04 20:43:03', '2023-03-04 23:20:18'),
(240, 'Lembah Sirait', 'Fa Hassanah Tbk', 1, 'Batch 9', 3030, 206, '2023-03-04 20:43:03', '2023-03-04 23:20:18'),
(241, 'Tasdik Wacana', 'PD Yuniar Tbk', 1, 'Batch 2', 6635, 99, '2023-03-04 20:43:03', '2023-03-04 23:20:18'),
(242, 'Saka Estiono Suwarno', 'PT Nuraini Anggraini (Persero) Tbk', 3, 'Batch 5', 4135, 174, '2023-03-04 20:43:03', '2023-03-04 23:20:18'),
(243, 'Panji Halim', 'UD Sitorus Palastri Tbk', 3, 'Batch 9', 3446, 197, '2023-03-04 20:43:03', '2023-03-04 23:20:18'),
(244, 'Kariman Pardi Salahudin M.M.', 'Perum Tamba', 5, 'Batch 2', 4452, 167, '2023-03-04 20:43:03', '2023-03-04 23:20:18'),
(245, 'Farhunnisa Ana Nasyidah S.Ked', 'Yayasan Permata', 3, 'Batch 9', 2417, 227, '2023-03-04 20:43:03', '2023-03-04 23:20:18'),
(246, 'Yani Yulianti', 'Fa Kuswandari', 3, 'Batch 5', 4512, 164, '2023-03-04 20:43:03', '2023-03-04 23:20:18'),
(247, 'Lutfan Asmianto Prayoga', 'Perum Maheswara Oktaviani', 3, 'Batch 9', 5473, 141, '2023-03-04 20:43:03', '2023-03-04 23:20:18'),
(248, 'Hari Narpati', 'Yayasan Uwais Simanjuntak', 3, 'Batch 9', 902, 274, '2023-03-04 20:43:03', '2023-03-04 23:20:18'),
(249, 'Ika Wastuti', 'PJ Nasyidah', 3, 'Batch 5', 8235, 51, '2023-03-04 20:43:03', '2023-03-04 23:20:18'),
(250, 'Genta Amalia Kuswandari', 'PD Maryati Hutagalung Tbk', 2, 'Batch 5', 9466, 14, '2023-03-04 20:43:03', '2023-03-04 23:20:18'),
(251, 'Syahrini Gasti Wastuti', 'PT Usamah Hassanah', 3, 'Batch 2', 5683, 134, '2023-03-04 20:43:03', '2023-03-04 23:20:18'),
(252, 'Raihan Winarno M.M.', 'Perum Safitri Wasita (Persero) Tbk', 1, 'Batch 2', 7528, 69, '2023-03-04 20:43:03', '2023-03-04 23:20:18'),
(253, 'Wani Yuliarti', 'CV Wulandari', 3, 'Batch 2', 1839, 246, '2023-03-04 20:43:03', '2023-03-04 23:20:18'),
(254, 'Nasrullah Wibisono', 'UD Permata (Persero) Tbk', 4, 'Batch 5', 747, 277, '2023-03-04 20:43:03', '2023-03-04 23:20:18'),
(255, 'Michelle Farida M.Ak', 'CV Uwais Sihotang', 3, 'Batch 2', 2088, 235, '2023-03-04 20:43:03', '2023-03-04 23:20:18'),
(256, 'Atma Dimaz Nugroho S.Ked', 'PJ Widiastuti Gunarto', 3, 'Batch 9', 3552, 191, '2023-03-04 20:43:03', '2023-03-04 23:20:18'),
(257, 'Tugiman Jailani S.Ked', 'UD Maryati Wulandari (Persero) Tbk', 4, 'Batch 2', 6943, 90, '2023-03-04 20:43:03', '2023-03-04 23:20:18'),
(258, 'Sakura Sadina Aryani', 'Perum Maryati Tbk', 3, 'Batch 2', 8475, 41, '2023-03-04 20:43:03', '2023-03-04 23:20:18'),
(259, 'Eva Citra Winarsih', 'PJ Widodo', 3, 'Batch 2', 655, 282, '2023-03-04 20:43:03', '2023-03-04 23:20:18'),
(260, 'Jarwi Waskita S.Psi', 'CV Anggraini Widiastuti', 3, 'Batch 2', 2041, 237, '2023-03-04 20:43:03', '2023-03-04 23:20:18'),
(261, 'Wardaya Kurniawan', 'PJ Zulaika Tbk', 5, 'Batch 2', 3979, 177, '2023-03-04 20:43:03', '2023-03-04 23:20:18'),
(262, 'Ratih Hartati', 'Yayasan Fujiati Sihombing', 4, 'Batch 2', 4031, 175, '2023-03-04 20:43:03', '2023-03-04 23:20:18'),
(263, 'Novi Rina Yuliarti S.E.', 'CV Dongoran Anggraini Tbk', 2, 'Batch 9', 1094, 268, '2023-03-04 20:43:03', '2023-03-04 23:20:18'),
(264, 'Ira Nasyiah', 'CV Farida Wibowo (Persero) Tbk', 3, 'Batch 2', 3853, 181, '2023-03-04 20:43:03', '2023-03-04 23:20:18'),
(265, 'Diana Rika Anggraini', 'PD Wijaya Saputra', 3, 'Batch 9', 2510, 224, '2023-03-04 20:43:03', '2023-03-04 23:20:18'),
(266, 'Vivi Anita Zulaika', 'PD Susanti', 5, 'Batch 5', 5521, 139, '2023-03-04 20:43:03', '2023-03-04 23:20:18'),
(267, 'Ella Palastri S.I.Kom', 'Yayasan Pudjiastuti (Persero) Tbk', 2, 'Batch 9', 2972, 208, '2023-03-04 20:43:03', '2023-03-04 23:20:18'),
(268, 'Himawan Luwar Situmorang S.Pt', 'PJ Melani', 1, 'Batch 5', 7923, 59, '2023-03-04 20:43:03', '2023-03-04 23:20:18'),
(269, 'Indra Prasetya S.Gz', 'CV Maryati Anggraini', 5, 'Batch 2', 743, 278, '2023-03-04 20:43:03', '2023-03-04 23:20:18'),
(270, 'Karja Saragih', 'Fa Padmasari Simbolon (Persero) Tbk', 4, 'Batch 2', 6296, 108, '2023-03-04 20:43:03', '2023-03-04 23:20:18'),
(271, 'Raihan Hasta Napitupulu M.M.', 'Yayasan Nasyiah', 5, 'Batch 2', 1796, 247, '2023-03-04 20:43:03', '2023-03-04 23:20:18'),
(272, 'Tami Violet Hastuti M.Kom.', 'UD Dongoran Kurniawan Tbk', 5, 'Batch 9', 5691, 133, '2023-03-04 20:43:03', '2023-03-04 23:20:18'),
(273, 'Yunita Paramita Laksmiwati S.Farm', 'UD Simanjuntak Tbk', 4, 'Batch 2', 6455, 101, '2023-03-04 20:43:03', '2023-03-04 23:20:18'),
(274, 'Okto Darsirah Kusumo S.Sos', 'CV Waskita', 4, 'Batch 9', 9579, 10, '2023-03-04 20:43:03', '2023-03-04 23:20:18'),
(275, 'Elma Elisa Usada', 'Yayasan Hakim', 2, 'Batch 2', 7115, 82, '2023-03-04 20:43:03', '2023-03-04 23:20:18'),
(276, 'Raina Carla Purwanti', 'PD Napitupulu Tbk', 2, 'Batch 2', 2979, 207, '2023-03-04 20:43:03', '2023-03-04 23:20:18'),
(277, 'Jinawi Kusumo M.M.', 'PT Suwarno Zulaika Tbk', 1, 'Batch 2', 7355, 76, '2023-03-04 20:43:03', '2023-03-04 23:20:18'),
(278, 'Carub Wahyudin S.H.', 'PJ Damanik Lazuardi (Persero) Tbk', 2, 'Batch 9', 6746, 96, '2023-03-04 20:43:03', '2023-03-04 23:20:18'),
(279, 'Raharja Saefullah', 'CV Januar', 4, 'Batch 5', 2833, 212, '2023-03-04 20:43:03', '2023-03-04 23:20:18'),
(280, 'Eli Kusmawati', 'Yayasan Winarno', 4, 'Batch 2', 9386, 19, '2023-03-04 20:43:03', '2023-03-04 23:20:18'),
(281, 'Rendy Gunawan M.M.', 'UD Saragih', 1, 'Batch 9', 8600, 37, '2023-03-04 20:43:03', '2023-03-04 23:20:18'),
(282, 'Eka Nugroho', 'Perum Widiastuti', 2, 'Batch 9', 4671, 155, '2023-03-04 20:43:03', '2023-03-04 23:20:18'),
(283, 'Aswani Gunawan', 'Perum Waluyo Susanti Tbk', 3, 'Batch 5', 1401, 255, '2023-03-04 20:43:03', '2023-03-04 23:20:18'),
(284, 'Paiman Darimin Waluyo', 'PJ Lestari (Persero) Tbk', 2, 'Batch 2', 697, 280, '2023-03-04 20:43:03', '2023-03-04 23:20:18'),
(285, 'Prayogo Hardiansyah', 'Fa Gunawan (Persero) Tbk', 5, 'Batch 9', 8459, 43, '2023-03-04 20:43:03', '2023-03-04 23:20:18'),
(286, 'Enteng Asman Setiawan M.Ak', 'PD Rahayu Novitasari', 1, 'Batch 5', 1953, 241, '2023-03-04 20:43:03', '2023-03-04 23:20:18'),
(287, 'Humaira Puput Maryati', 'Yayasan Namaga Tbk', 1, 'Batch 2', 5713, 132, '2023-03-04 20:43:03', '2023-03-04 23:20:18'),
(288, 'Rina Carla Yolanda M.Pd', 'PD Pangestu Latupono', 4, 'Batch 5', 9173, 24, '2023-03-04 20:43:03', '2023-03-04 23:20:18'),
(289, 'Marsudi Satya Suryono', 'UD Aryani (Persero) Tbk', 3, 'Batch 2', 960, 271, '2023-03-04 20:43:03', '2023-03-04 23:20:18'),
(290, 'Kartika Hariyah', 'Perum Purwanti Yuliarti (Persero) Tbk', 5, 'Batch 9', 5609, 136, '2023-03-04 20:43:03', '2023-03-04 23:20:18'),
(291, 'Lanang Garang Pangestu S.E.', 'PJ Damanik Tbk', 2, 'Batch 9', 3940, 179, '2023-03-04 20:43:03', '2023-03-04 23:20:18'),
(292, 'Indra Santoso', 'PD Hidayat (Persero) Tbk', 5, 'Batch 2', 6285, 109, '2023-03-04 20:43:03', '2023-03-04 23:20:18'),
(293, 'Ghaliyati Yuniar M.TI.', 'Fa Hutapea', 5, 'Batch 2', 5977, 121, '2023-03-04 20:43:03', '2023-03-04 23:20:18'),
(294, 'Bambang Daru Sihombing', 'Fa Hardiansyah (Persero) Tbk', 1, 'Batch 5', 1901, 242, '2023-03-04 20:43:03', '2023-03-04 23:20:18'),
(295, 'Dina Widya Winarsih', 'PT Sitorus (Persero) Tbk', 1, 'Batch 2', 5105, 149, '2023-03-04 20:43:03', '2023-03-04 23:20:18'),
(296, 'Hani Namaga', 'PT Palastri', 2, 'Batch 2', 1299, 261, '2023-03-04 20:43:03', '2023-03-04 23:20:18'),
(297, 'Maryadi Garda Waluyo S.T.', 'PT Hasanah', 2, 'Batch 2', 5296, 146, '2023-03-04 20:43:03', '2023-03-04 23:20:18'),
(298, 'Vicky Palastri', 'Yayasan Suartini', 5, 'Batch 5', 8433, 46, '2023-03-04 20:43:03', '2023-03-04 23:20:18'),
(299, 'Mala Qori Melani S.E.', 'Perum Widiastuti Novitasari Tbk', 2, 'Batch 2', 3749, 183, '2023-03-04 20:43:03', '2023-03-04 23:20:18'),
(300, 'Siti Nasyiah', 'UD Rahmawati Yulianti Tbk', 1, 'Batch 5', 1358, 257, '2023-03-04 20:43:03', '2023-03-04 23:20:18');

-- --------------------------------------------------------

--
-- Table structure for table `password_resets`
--

CREATE TABLE `password_resets` (
  `email` varchar(255) NOT NULL,
  `token` varchar(255) NOT NULL,
  `created_at` timestamp NULL DEFAULT NULL
) ENGINE=InnoDB DEFAULT CHARSET=utf8mb4 COLLATE=utf8mb4_unicode_ci;

-- --------------------------------------------------------

--
-- Table structure for table `personal_access_tokens`
--

CREATE TABLE `personal_access_tokens` (
  `id` bigint(20) UNSIGNED NOT NULL,
  `tokenable_type` varchar(255) NOT NULL,
  `tokenable_id` bigint(20) UNSIGNED NOT NULL,
  `name` varchar(255) NOT NULL,
  `token` varchar(64) NOT NULL,
  `abilities` text DEFAULT NULL,
  `last_used_at` timestamp NULL DEFAULT NULL,
  `expires_at` timestamp NULL DEFAULT NULL,
  `created_at` timestamp NULL DEFAULT NULL,
  `updated_at` timestamp NULL DEFAULT NULL
) ENGINE=InnoDB DEFAULT CHARSET=utf8mb4 COLLATE=utf8mb4_unicode_ci;

-- --------------------------------------------------------

--
-- Table structure for table `programs`
--

CREATE TABLE `programs` (
  `id` bigint(20) UNSIGNED NOT NULL,
  `name` varchar(255) NOT NULL,
  `created_at` timestamp NULL DEFAULT NULL,
  `updated_at` timestamp NULL DEFAULT NULL
) ENGINE=InnoDB DEFAULT CHARSET=utf8mb4 COLLATE=utf8mb4_unicode_ci;

--
-- Dumping data for table `programs`
--

INSERT INTO `programs` (`id`, `name`, `created_at`, `updated_at`) VALUES
(1, 'Web', '2023-03-04 20:43:02', '2023-03-04 20:43:02'),
(2, 'Flutter', '2023-03-04 20:43:02', '2023-03-04 20:43:02'),
(3, 'UI/UX', '2023-03-04 20:43:02', '2023-03-04 20:43:02'),
(4, 'Kotlin', '2023-03-04 20:43:02', '2023-03-04 20:43:02'),
(5, 'English', '2023-03-04 20:43:02', '2023-03-04 20:43:02');

-- --------------------------------------------------------

--
-- Table structure for table `users`
--

CREATE TABLE `users` (
  `id` bigint(20) UNSIGNED NOT NULL,
  `name` varchar(255) NOT NULL,
  `email` varchar(255) NOT NULL,
  `email_verified_at` timestamp NULL DEFAULT NULL,
  `password` varchar(255) NOT NULL,
  `remember_token` varchar(100) DEFAULT NULL,
  `created_at` timestamp NULL DEFAULT NULL,
  `updated_at` timestamp NULL DEFAULT NULL
) ENGINE=InnoDB DEFAULT CHARSET=utf8mb4 COLLATE=utf8mb4_unicode_ci;

--
-- Indexes for dumped tables
--

--
-- Indexes for table `failed_jobs`
--
ALTER TABLE `failed_jobs`
  ADD PRIMARY KEY (`id`),
  ADD UNIQUE KEY `failed_jobs_uuid_unique` (`uuid`);

--
-- Indexes for table `migrations`
--
ALTER TABLE `migrations`
  ADD PRIMARY KEY (`id`);

--
-- Indexes for table `participants`
--
ALTER TABLE `participants`
  ADD PRIMARY KEY (`id`),
  ADD KEY `participants_program_id_foreign` (`program_id`);

--
-- Indexes for table `password_resets`
--
ALTER TABLE `password_resets`
  ADD PRIMARY KEY (`email`);

--
-- Indexes for table `personal_access_tokens`
--
ALTER TABLE `personal_access_tokens`
  ADD PRIMARY KEY (`id`),
  ADD UNIQUE KEY `personal_access_tokens_token_unique` (`token`),
  ADD KEY `personal_access_tokens_tokenable_type_tokenable_id_index` (`tokenable_type`,`tokenable_id`);

--
-- Indexes for table `programs`
--
ALTER TABLE `programs`
  ADD PRIMARY KEY (`id`);

--
-- Indexes for table `users`
--
ALTER TABLE `users`
  ADD PRIMARY KEY (`id`),
  ADD UNIQUE KEY `users_email_unique` (`email`);

--
-- AUTO_INCREMENT for dumped tables
--

--
-- AUTO_INCREMENT for table `failed_jobs`
--
ALTER TABLE `failed_jobs`
  MODIFY `id` bigint(20) UNSIGNED NOT NULL AUTO_INCREMENT;

--
-- AUTO_INCREMENT for table `migrations`
--
ALTER TABLE `migrations`
  MODIFY `id` int(10) UNSIGNED NOT NULL AUTO_INCREMENT, AUTO_INCREMENT=9;

--
-- AUTO_INCREMENT for table `participants`
--
ALTER TABLE `participants`
  MODIFY `id` bigint(20) UNSIGNED NOT NULL AUTO_INCREMENT, AUTO_INCREMENT=301;

--
-- AUTO_INCREMENT for table `personal_access_tokens`
--
ALTER TABLE `personal_access_tokens`
  MODIFY `id` bigint(20) UNSIGNED NOT NULL AUTO_INCREMENT;

--
-- AUTO_INCREMENT for table `programs`
--
ALTER TABLE `programs`
  MODIFY `id` bigint(20) UNSIGNED NOT NULL AUTO_INCREMENT, AUTO_INCREMENT=6;

--
-- AUTO_INCREMENT for table `users`
--
ALTER TABLE `users`
  MODIFY `id` bigint(20) UNSIGNED NOT NULL AUTO_INCREMENT;

--
-- Constraints for dumped tables
--

--
-- Constraints for table `participants`
--
ALTER TABLE `participants`
  ADD CONSTRAINT `participants_program_id_foreign` FOREIGN KEY (`program_id`) REFERENCES `programs` (`id`);
COMMIT;

/*!40101 SET CHARACTER_SET_CLIENT=@OLD_CHARACTER_SET_CLIENT */;
/*!40101 SET CHARACTER_SET_RESULTS=@OLD_CHARACTER_SET_RESULTS */;
/*!40101 SET COLLATION_CONNECTION=@OLD_COLLATION_CONNECTION */;
